--
-- Text content is licensed under Attribution-NonCommercial-ShareAlike:
-- https://creativecommons.org/licenses/by-nc-sa/3.0/
--

--
-- PostgreSQL database dump
--

SET statement_timeout = 0;
SET client_encoding = 'UTF8';
SET standard_conforming_strings = on;
SET check_function_bodies = false;
SET client_min_messages = warning;

--
-- Name: plpgsql; Type: EXTENSION; Schema: -; Owner: 
--

CREATE EXTENSION IF NOT EXISTS plpgsql WITH SCHEMA pg_catalog;


--
-- Name: EXTENSION plpgsql; Type: COMMENT; Schema: -; Owner: 
--

COMMENT ON EXTENSION plpgsql IS 'PL/pgSQL procedural language';


SET search_path = public, pg_catalog;

--
-- Name: check_log_round(); Type: FUNCTION; Schema: public; Owner: evropan
--

CREATE FUNCTION check_log_round() RETURNS trigger
    LANGUAGE plpgsql STABLE
    AS $$DECLARE
  new_id int4;
BEGIN
  SELECT id INTO new_id FROM "immutable"."v__agenda_event" WHERE "v__agenda_event"."id" = NEW."agenda_id";
  IF FOUND THEN
    RETURN NEW;
  ELSE
    RAISE EXCEPTION 'FK violation, agenda_id (%) in new record does not match a record in the view v__agenda_event', NEW.agenda_id;
  END IF;
END$$;


ALTER FUNCTION public.check_log_round() OWNER TO evropan;

SET default_tablespace = '';

SET default_with_oids = false;

--
-- Name: auth_group; Type: TABLE; Schema: public; Owner: db982; Tablespace: 
--

CREATE TABLE auth_group (
    id integer NOT NULL,
    name character varying(80) NOT NULL
);


ALTER TABLE public.auth_group OWNER TO db982;

--
-- Name: auth_group_id_seq; Type: SEQUENCE; Schema: public; Owner: db982
--

CREATE SEQUENCE auth_group_id_seq
    START WITH 1
    INCREMENT BY 1
    NO MINVALUE
    NO MAXVALUE
    CACHE 1;


ALTER TABLE public.auth_group_id_seq OWNER TO db982;

--
-- Name: auth_group_id_seq; Type: SEQUENCE OWNED BY; Schema: public; Owner: db982
--

ALTER SEQUENCE auth_group_id_seq OWNED BY auth_group.id;


--
-- Name: auth_group_permissions; Type: TABLE; Schema: public; Owner: db982; Tablespace: 
--

CREATE TABLE auth_group_permissions (
    id integer NOT NULL,
    group_id integer NOT NULL,
    permission_id integer NOT NULL
);


ALTER TABLE public.auth_group_permissions OWNER TO db982;

--
-- Name: auth_group_permissions_id_seq; Type: SEQUENCE; Schema: public; Owner: db982
--

CREATE SEQUENCE auth_group_permissions_id_seq
    START WITH 1
    INCREMENT BY 1
    NO MINVALUE
    NO MAXVALUE
    CACHE 1;


ALTER TABLE public.auth_group_permissions_id_seq OWNER TO db982;

--
-- Name: auth_group_permissions_id_seq; Type: SEQUENCE OWNED BY; Schema: public; Owner: db982
--

ALTER SEQUENCE auth_group_permissions_id_seq OWNED BY auth_group_permissions.id;


--
-- Name: auth_permission; Type: TABLE; Schema: public; Owner: db982; Tablespace: 
--

CREATE TABLE auth_permission (
    id integer NOT NULL,
    name character varying(255) NOT NULL,
    content_type_id integer NOT NULL,
    codename character varying(100) NOT NULL
);


ALTER TABLE public.auth_permission OWNER TO db982;

--
-- Name: auth_permission_id_seq; Type: SEQUENCE; Schema: public; Owner: db982
--

CREATE SEQUENCE auth_permission_id_seq
    START WITH 1
    INCREMENT BY 1
    NO MINVALUE
    NO MAXVALUE
    CACHE 1;


ALTER TABLE public.auth_permission_id_seq OWNER TO db982;

--
-- Name: auth_permission_id_seq; Type: SEQUENCE OWNED BY; Schema: public; Owner: db982
--

ALTER SEQUENCE auth_permission_id_seq OWNED BY auth_permission.id;


--
-- Name: auth_user; Type: TABLE; Schema: public; Owner: db982; Tablespace: 
--

CREATE TABLE auth_user (
    id integer NOT NULL,
    password character varying(128) NOT NULL,
    last_login timestamp with time zone,
    is_superuser boolean NOT NULL,
    username character varying(30) NOT NULL,
    first_name character varying(30) NOT NULL,
    last_name character varying(30) NOT NULL,
    email character varying(254) NOT NULL,
    is_staff boolean NOT NULL,
    is_active boolean NOT NULL,
    date_joined timestamp with time zone NOT NULL
);


ALTER TABLE public.auth_user OWNER TO db982;

--
-- Name: auth_user_groups; Type: TABLE; Schema: public; Owner: db982; Tablespace: 
--

CREATE TABLE auth_user_groups (
    id integer NOT NULL,
    user_id integer NOT NULL,
    group_id integer NOT NULL
);


ALTER TABLE public.auth_user_groups OWNER TO db982;

--
-- Name: auth_user_groups_id_seq; Type: SEQUENCE; Schema: public; Owner: db982
--

CREATE SEQUENCE auth_user_groups_id_seq
    START WITH 1
    INCREMENT BY 1
    NO MINVALUE
    NO MAXVALUE
    CACHE 1;


ALTER TABLE public.auth_user_groups_id_seq OWNER TO db982;

--
-- Name: auth_user_groups_id_seq; Type: SEQUENCE OWNED BY; Schema: public; Owner: db982
--

ALTER SEQUENCE auth_user_groups_id_seq OWNED BY auth_user_groups.id;


--
-- Name: auth_user_id_seq; Type: SEQUENCE; Schema: public; Owner: db982
--

CREATE SEQUENCE auth_user_id_seq
    START WITH 1
    INCREMENT BY 1
    NO MINVALUE
    NO MAXVALUE
    CACHE 1;


ALTER TABLE public.auth_user_id_seq OWNER TO db982;

--
-- Name: auth_user_id_seq; Type: SEQUENCE OWNED BY; Schema: public; Owner: db982
--

ALTER SEQUENCE auth_user_id_seq OWNED BY auth_user.id;


--
-- Name: auth_user_user_permissions; Type: TABLE; Schema: public; Owner: db982; Tablespace: 
--

CREATE TABLE auth_user_user_permissions (
    id integer NOT NULL,
    user_id integer NOT NULL,
    permission_id integer NOT NULL
);


ALTER TABLE public.auth_user_user_permissions OWNER TO db982;

--
-- Name: auth_user_user_permissions_id_seq; Type: SEQUENCE; Schema: public; Owner: db982
--

CREATE SEQUENCE auth_user_user_permissions_id_seq
    START WITH 1
    INCREMENT BY 1
    NO MINVALUE
    NO MAXVALUE
    CACHE 1;


ALTER TABLE public.auth_user_user_permissions_id_seq OWNER TO db982;

--
-- Name: auth_user_user_permissions_id_seq; Type: SEQUENCE OWNED BY; Schema: public; Owner: db982
--

ALTER SEQUENCE auth_user_user_permissions_id_seq OWNED BY auth_user_user_permissions.id;


--
-- Name: django_admin_log; Type: TABLE; Schema: public; Owner: db982; Tablespace: 
--

CREATE TABLE django_admin_log (
    id integer NOT NULL,
    action_time timestamp with time zone NOT NULL,
    object_id text,
    object_repr character varying(200) NOT NULL,
    action_flag smallint NOT NULL,
    change_message text NOT NULL,
    content_type_id integer,
    user_id integer NOT NULL,
    CONSTRAINT django_admin_log_action_flag_check CHECK ((action_flag >= 0))
);


ALTER TABLE public.django_admin_log OWNER TO db982;

--
-- Name: django_admin_log_id_seq; Type: SEQUENCE; Schema: public; Owner: db982
--

CREATE SEQUENCE django_admin_log_id_seq
    START WITH 1
    INCREMENT BY 1
    NO MINVALUE
    NO MAXVALUE
    CACHE 1;


ALTER TABLE public.django_admin_log_id_seq OWNER TO db982;

--
-- Name: django_admin_log_id_seq; Type: SEQUENCE OWNED BY; Schema: public; Owner: db982
--

ALTER SEQUENCE django_admin_log_id_seq OWNED BY django_admin_log.id;


--
-- Name: django_content_type; Type: TABLE; Schema: public; Owner: db982; Tablespace: 
--

CREATE TABLE django_content_type (
    id integer NOT NULL,
    app_label character varying(100) NOT NULL,
    model character varying(100) NOT NULL
);


ALTER TABLE public.django_content_type OWNER TO db982;

--
-- Name: django_content_type_id_seq; Type: SEQUENCE; Schema: public; Owner: db982
--

CREATE SEQUENCE django_content_type_id_seq
    START WITH 1
    INCREMENT BY 1
    NO MINVALUE
    NO MAXVALUE
    CACHE 1;


ALTER TABLE public.django_content_type_id_seq OWNER TO db982;

--
-- Name: django_content_type_id_seq; Type: SEQUENCE OWNED BY; Schema: public; Owner: db982
--

ALTER SEQUENCE django_content_type_id_seq OWNED BY django_content_type.id;


--
-- Name: django_flatpage; Type: TABLE; Schema: public; Owner: db982; Tablespace: 
--

CREATE TABLE django_flatpage (
    id integer NOT NULL,
    url character varying(100) NOT NULL,
    title character varying(200) NOT NULL,
    content text NOT NULL,
    enable_comments boolean NOT NULL,
    template_name character varying(70) NOT NULL,
    registration_required boolean NOT NULL
);


ALTER TABLE public.django_flatpage OWNER TO db982;

--
-- Name: django_flatpage_id_seq; Type: SEQUENCE; Schema: public; Owner: db982
--

CREATE SEQUENCE django_flatpage_id_seq
    START WITH 1
    INCREMENT BY 1
    NO MINVALUE
    NO MAXVALUE
    CACHE 1;


ALTER TABLE public.django_flatpage_id_seq OWNER TO db982;

--
-- Name: django_flatpage_id_seq; Type: SEQUENCE OWNED BY; Schema: public; Owner: db982
--

ALTER SEQUENCE django_flatpage_id_seq OWNED BY django_flatpage.id;


--
-- Name: django_flatpage_sites; Type: TABLE; Schema: public; Owner: db982; Tablespace: 
--

CREATE TABLE django_flatpage_sites (
    id integer NOT NULL,
    flatpage_id integer NOT NULL,
    site_id integer NOT NULL
);


ALTER TABLE public.django_flatpage_sites OWNER TO db982;

--
-- Name: django_flatpage_sites_id_seq; Type: SEQUENCE; Schema: public; Owner: db982
--

CREATE SEQUENCE django_flatpage_sites_id_seq
    START WITH 1
    INCREMENT BY 1
    NO MINVALUE
    NO MAXVALUE
    CACHE 1;


ALTER TABLE public.django_flatpage_sites_id_seq OWNER TO db982;

--
-- Name: django_flatpage_sites_id_seq; Type: SEQUENCE OWNED BY; Schema: public; Owner: db982
--

ALTER SEQUENCE django_flatpage_sites_id_seq OWNED BY django_flatpage_sites.id;


--
-- Name: django_migrations; Type: TABLE; Schema: public; Owner: db982; Tablespace: 
--

CREATE TABLE django_migrations (
    id integer NOT NULL,
    app character varying(255) NOT NULL,
    name character varying(255) NOT NULL,
    applied timestamp with time zone NOT NULL
);


ALTER TABLE public.django_migrations OWNER TO db982;

--
-- Name: django_migrations_id_seq; Type: SEQUENCE; Schema: public; Owner: db982
--

CREATE SEQUENCE django_migrations_id_seq
    START WITH 1
    INCREMENT BY 1
    NO MINVALUE
    NO MAXVALUE
    CACHE 1;


ALTER TABLE public.django_migrations_id_seq OWNER TO db982;

--
-- Name: django_migrations_id_seq; Type: SEQUENCE OWNED BY; Schema: public; Owner: db982
--

ALTER SEQUENCE django_migrations_id_seq OWNED BY django_migrations.id;


--
-- Name: django_session; Type: TABLE; Schema: public; Owner: db982; Tablespace: 
--

CREATE TABLE django_session (
    session_key character varying(40) NOT NULL,
    session_data text NOT NULL,
    expire_date timestamp with time zone NOT NULL
);


ALTER TABLE public.django_session OWNER TO db982;

--
-- Name: django_site; Type: TABLE; Schema: public; Owner: db982; Tablespace: 
--

CREATE TABLE django_site (
    id integer NOT NULL,
    domain character varying(100) NOT NULL,
    name character varying(50) NOT NULL
);


ALTER TABLE public.django_site OWNER TO db982;

--
-- Name: django_site_id_seq; Type: SEQUENCE; Schema: public; Owner: db982
--

CREATE SEQUENCE django_site_id_seq
    START WITH 1
    INCREMENT BY 1
    NO MINVALUE
    NO MAXVALUE
    CACHE 1;


ALTER TABLE public.django_site_id_seq OWNER TO db982;

--
-- Name: django_site_id_seq; Type: SEQUENCE OWNED BY; Schema: public; Owner: db982
--

ALTER SEQUENCE django_site_id_seq OWNED BY django_site.id;


--
-- Name: testapp_result; Type: TABLE; Schema: public; Owner: db982; Tablespace: 
--

CREATE TABLE testapp_result (
    id integer NOT NULL,
    test_date timestamp with time zone NOT NULL,
    ipv4_address inet,
    ipv6_address inet,
    has_dnssec boolean NOT NULL,
    www_url character varying(255) NOT NULL,
    www_ipv4 boolean NOT NULL,
    www_ipv6 boolean NOT NULL,
    www_dnssec boolean NOT NULL,
    ipv4_upload double precision,
    ipv4_download double precision,
    ipv6_upload double precision,
    ipv6_download double precision,
    owner_id integer NOT NULL
);


ALTER TABLE public.testapp_result OWNER TO db982;

--
-- Name: testapp_result_id_seq; Type: SEQUENCE; Schema: public; Owner: db982
--

CREATE SEQUENCE testapp_result_id_seq
    START WITH 1
    INCREMENT BY 1
    NO MINVALUE
    NO MAXVALUE
    CACHE 1;


ALTER TABLE public.testapp_result_id_seq OWNER TO db982;

--
-- Name: testapp_result_id_seq; Type: SEQUENCE OWNED BY; Schema: public; Owner: db982
--

ALTER SEQUENCE testapp_result_id_seq OWNED BY testapp_result.id;


--
-- Name: testapp_website; Type: TABLE; Schema: public; Owner: db982; Tablespace: 
--

CREATE TABLE testapp_website (
    id integer NOT NULL,
    www_url character varying(255) NOT NULL,
    owner_id integer NOT NULL
);


ALTER TABLE public.testapp_website OWNER TO db982;

--
-- Name: testapp_website_id_seq; Type: SEQUENCE; Schema: public; Owner: db982
--

CREATE SEQUENCE testapp_website_id_seq
    START WITH 1
    INCREMENT BY 1
    NO MINVALUE
    NO MAXVALUE
    CACHE 1;


ALTER TABLE public.testapp_website_id_seq OWNER TO db982;

--
-- Name: testapp_website_id_seq; Type: SEQUENCE OWNED BY; Schema: public; Owner: db982
--

ALTER SEQUENCE testapp_website_id_seq OWNED BY testapp_website.id;


--
-- Name: id; Type: DEFAULT; Schema: public; Owner: db982
--

ALTER TABLE ONLY auth_group ALTER COLUMN id SET DEFAULT nextval('auth_group_id_seq'::regclass);


--
-- Name: id; Type: DEFAULT; Schema: public; Owner: db982
--

ALTER TABLE ONLY auth_group_permissions ALTER COLUMN id SET DEFAULT nextval('auth_group_permissions_id_seq'::regclass);


--
-- Name: id; Type: DEFAULT; Schema: public; Owner: db982
--

ALTER TABLE ONLY auth_permission ALTER COLUMN id SET DEFAULT nextval('auth_permission_id_seq'::regclass);


--
-- Name: id; Type: DEFAULT; Schema: public; Owner: db982
--

ALTER TABLE ONLY auth_user ALTER COLUMN id SET DEFAULT nextval('auth_user_id_seq'::regclass);


--
-- Name: id; Type: DEFAULT; Schema: public; Owner: db982
--

ALTER TABLE ONLY auth_user_groups ALTER COLUMN id SET DEFAULT nextval('auth_user_groups_id_seq'::regclass);


--
-- Name: id; Type: DEFAULT; Schema: public; Owner: db982
--

ALTER TABLE ONLY auth_user_user_permissions ALTER COLUMN id SET DEFAULT nextval('auth_user_user_permissions_id_seq'::regclass);


--
-- Name: id; Type: DEFAULT; Schema: public; Owner: db982
--

ALTER TABLE ONLY django_admin_log ALTER COLUMN id SET DEFAULT nextval('django_admin_log_id_seq'::regclass);


--
-- Name: id; Type: DEFAULT; Schema: public; Owner: db982
--

ALTER TABLE ONLY django_content_type ALTER COLUMN id SET DEFAULT nextval('django_content_type_id_seq'::regclass);


--
-- Name: id; Type: DEFAULT; Schema: public; Owner: db982
--

ALTER TABLE ONLY django_flatpage ALTER COLUMN id SET DEFAULT nextval('django_flatpage_id_seq'::regclass);


--
-- Name: id; Type: DEFAULT; Schema: public; Owner: db982
--

ALTER TABLE ONLY django_flatpage_sites ALTER COLUMN id SET DEFAULT nextval('django_flatpage_sites_id_seq'::regclass);


--
-- Name: id; Type: DEFAULT; Schema: public; Owner: db982
--

ALTER TABLE ONLY django_migrations ALTER COLUMN id SET DEFAULT nextval('django_migrations_id_seq'::regclass);


--
-- Name: id; Type: DEFAULT; Schema: public; Owner: db982
--

ALTER TABLE ONLY django_site ALTER COLUMN id SET DEFAULT nextval('django_site_id_seq'::regclass);


--
-- Name: id; Type: DEFAULT; Schema: public; Owner: db982
--

ALTER TABLE ONLY testapp_result ALTER COLUMN id SET DEFAULT nextval('testapp_result_id_seq'::regclass);


--
-- Name: id; Type: DEFAULT; Schema: public; Owner: db982
--

ALTER TABLE ONLY testapp_website ALTER COLUMN id SET DEFAULT nextval('testapp_website_id_seq'::regclass);


--
-- Data for Name: auth_group; Type: TABLE DATA; Schema: public; Owner: db982
--

COPY auth_group (id, name) FROM stdin;
\.


--
-- Name: auth_group_id_seq; Type: SEQUENCE SET; Schema: public; Owner: db982
--

SELECT pg_catalog.setval('auth_group_id_seq', 1, false);


--
-- Data for Name: auth_group_permissions; Type: TABLE DATA; Schema: public; Owner: db982
--

COPY auth_group_permissions (id, group_id, permission_id) FROM stdin;
\.


--
-- Name: auth_group_permissions_id_seq; Type: SEQUENCE SET; Schema: public; Owner: db982
--

SELECT pg_catalog.setval('auth_group_permissions_id_seq', 1, false);


--
-- Data for Name: auth_permission; Type: TABLE DATA; Schema: public; Owner: db982
--

COPY auth_permission (id, name, content_type_id, codename) FROM stdin;
1	Can add log entry	1	add_logentry
2	Can change log entry	1	change_logentry
3	Can delete log entry	1	delete_logentry
4	Can add permission	2	add_permission
5	Can change permission	2	change_permission
6	Can delete permission	2	delete_permission
7	Can add group	3	add_group
8	Can change group	3	change_group
9	Can delete group	3	delete_group
10	Can add user	4	add_user
11	Can change user	4	change_user
12	Can delete user	4	delete_user
13	Can add content type	5	add_contenttype
14	Can change content type	5	change_contenttype
15	Can delete content type	5	delete_contenttype
16	Can add session	6	add_session
17	Can change session	6	change_session
18	Can delete session	6	delete_session
19	Can add site	7	add_site
20	Can change site	7	change_site
21	Can delete site	7	delete_site
22	Can add flat page	8	add_flatpage
23	Can change flat page	8	change_flatpage
24	Can delete flat page	8	delete_flatpage
25	Can add Website	9	add_website
26	Can change Website	9	change_website
27	Can delete Website	9	delete_website
28	Can add Test result	10	add_result
29	Can change Test result	10	change_result
30	Can delete Test result	10	delete_result
\.


--
-- Name: auth_permission_id_seq; Type: SEQUENCE SET; Schema: public; Owner: db982
--

SELECT pg_catalog.setval('auth_permission_id_seq', 30, true);


--
-- Data for Name: auth_user_groups; Type: TABLE DATA; Schema: public; Owner: db982
--

COPY auth_user_groups (id, user_id, group_id) FROM stdin;
\.


--
-- Name: auth_user_groups_id_seq; Type: SEQUENCE SET; Schema: public; Owner: db982
--

SELECT pg_catalog.setval('auth_user_groups_id_seq', 1, false);


--
-- Name: auth_user_id_seq; Type: SEQUENCE SET; Schema: public; Owner: db982
--

SELECT pg_catalog.setval('auth_user_id_seq', 5, true);


--
-- Data for Name: auth_user_user_permissions; Type: TABLE DATA; Schema: public; Owner: db982
--

COPY auth_user_user_permissions (id, user_id, permission_id) FROM stdin;
\.


--
-- Name: auth_user_user_permissions_id_seq; Type: SEQUENCE SET; Schema: public; Owner: db982
--

SELECT pg_catalog.setval('auth_user_user_permissions_id_seq', 30, true);


--
-- Name: django_admin_log_id_seq; Type: SEQUENCE SET; Schema: public; Owner: db982
--

SELECT pg_catalog.setval('django_admin_log_id_seq', 52, true);


--
-- Data for Name: django_content_type; Type: TABLE DATA; Schema: public; Owner: db982
--

COPY django_content_type (id, app_label, model) FROM stdin;
1	admin	logentry
2	auth	permission
3	auth	group
4	auth	user
5	contenttypes	contenttype
6	sessions	session
7	sites	site
8	flatpages	flatpage
9	testapp	website
10	testapp	result
\.


--
-- Name: django_content_type_id_seq; Type: SEQUENCE SET; Schema: public; Owner: db982
--

SELECT pg_catalog.setval('django_content_type_id_seq', 10, true);


--
-- Data for Name: django_flatpage; Type: TABLE DATA; Schema: public; Owner: db982
--

COPY django_flatpage (id, url, title, content, enable_comments, template_name, registration_required) FROM stdin;
3	/cs/p/courses/	Kurzy	- [Akademie CZ.NIC](https://akademie.nic.cz/)	f		f
8	/en/p/success/	Result saved	Test result has been saved	f		f
7	/en/t/run/	Test for support of IPv6 and DNSSEC	The aim of this service is to provide **an independent test** verifying **IPv6 support** on web, DNS and e-mail servers and also security of domains through **DNSSEC**, ie. **requirements under the Government resolution** no. 727 of June 8, 2009 and no. 982 of December 18, 2013 . In addition, there is carried out a test whether you are connected to the Internet via IPv6, ie. the support of the Internet protocol with your ISP, including comparing speeds over IPv4 and IPv6.	f		f
4	/cs/p/success/	Uloženo	Výsledek testu byl uložen, děkujeme.	f	testapp/success.html	f
2	/cs/p/index/	982.cz	Cílem této služby je poskytnout **nezávislý test** ověřující **podporu IPv6** na webových, DNS a e-mailových serverech a zároveň **zabezpečení** domény prostřednictvím **DNSSEC**, tj. **požadavky vyplývající z Unesení vlády** č. 727 z 8. června 2009 a [č. 982](https://blog.nic.cz/2014/01/13/pomuze-usneseni-vlady-k-vetsimu-rozsireni-ipv6-a-dnssec/) z 18. prosince 2013. Vedle toho je prováděn test, zda jste k Internetu připojeni přes IPv6, tj. podporu tohoto internetového protokolu u Vašeho ISP, včetně porovnání rychlosti přes IPv4 a IPv6.\r\n\r\n<a class="button runtest big2 align-center" style="margin: 1.5rem auto 1rem; display: block; text-align: center; width: 20%;" href="/t/run/">Otestovat</a>\r\n\r\n### IPv6\r\n\r\nIP adresy představují\r\nzákladní stavební prvek Internetu. Bez IP adres není možné se\r\npřipojit k celosvětové síti, tedy není možné ani vzájemné\r\nrozpoznávání a tím i propojení počítačů.  \r\n\r\nV září 2012 došlo\r\nv Evropě k **vyčerpání** volných adresných bloků\r\n**IPv4** a nyní jsou tyto adresy přidělovány pouze v omezené\r\nmíře.\r\n\r\nOdpovědí na nedostatek\r\nIP adres je nová verze internetového protokolu **IPv6**\r\nnabízející praktickou neomezenou zásobu adres a také nové\r\nmožnosti jak z pohledu bezpečnosti, tak správy sítí. Na\r\nzákladě usnesení vlády (odklik) mají **státní instituce**\r\njiž několik let **povinnost** zpřístupnit své internetové\r\nprezentace jak prostřednictvím IPv4, tak IPv6. Od **1. března\r\n2015** se tato povinnost vztahuje **rovněž** na **mailové\r\nservery**.\r\n\r\nVedle dostupnosti webové\r\nprezentace je však důležitá i **podpora IPv6 v rámci\r\ninternetové konektivity** (připojení k Internetu) tak,\r\nabyste mohli plně využívat všech výhod tohoto protokolu a\r\nzároveň přistupovat na webové stránky, které již IPv4\r\nnepodporují.\r\n\r\n### DNSSEC\r\n\r\nDNSSEC představuje\r\n**rozšíření systému doménových jmen** (DNS), které zvyšuje\r\njeho bezpečnost. Technologie DNSSEC poskytuje uživatelům jistotu,\r\nže informace, které z DNS získali, byly poskytnuty správným\r\nzdrojem, jsou úplné a jejich integrita nebyla při přenosu\r\nnarušena. DNSSEC zajistí důvěryhodnost údajů, získaných z\r\nDNS. \r\n\r\n**Proč to může být\r\nvážný problém?** Představte si, že tou službou jsou datové\r\nschránky nebo stránka úřadu, na které je uveřejněno číslo\r\nbankovního účtu pro zaslání daní. V tomto případě nechcete,\r\naby informace, které získáváte, byly z nedůvěryhodného\r\n(podvrženého) zdroje, a naopak aby údaje, které posíláte,\r\nnepadly do rukou někomu nepovolanému. A právě to se pomocí\r\nzneužití DNS může stát, pokud nejste chráněni pomocí DNSSEC.\r\n\r\nNa konci roku 2013 pak\r\nvláda České republiky přijala usnesení, podle kterého mají\r\n**všechny orgány státní správy povinnost zabezpečit**\r\njimi držené domény prostřednictvím technologie **DNSSEC**\r\nnejpozději **do 30. června 2015.**\r\n	f		f
1	/cs/t/run/	Test podpory IPv6 a DNSSEC	Cílem této služby je poskytnout **nezávislý test** ověřující **podporu IPv6** na webových, DNS a e-mailových serverech a zároveň **zabezpečení** domény prostřednictvím **DNSSEC**, tj. **požadavky vyplývající z Unesení vlády** č. 727 z 8. června 2009 a [č. 982](https://blog.nic.cz/2014/01/13/pomuze-usneseni-vlady-k-vetsimu-rozsireni-ipv6-a-dnssec/) z 18. prosince 2013. Vedle toho je prováděn test, zda jste k Internetu připojeni přes IPv6, tj. podporu tohoto internetového protokolu u Vašeho ISP, včetně porovnání rychlosti přes IPv4 a IPv6.\r\n	f		f
5	/en/p/courses/	Courses	- [CZ.NIC Academy](https://akademie.nic.cz/)	f		f
6	/en/p/index/	Introduction	The aim of this service is to provide **an independent test** verifying **IPv6 support** on web, DNS and e-mail servers and also security of domains through **DNSSEC**, ie. **requirements under the Government resolution** no. 727 of June 8, 2009 and no. 982 of December 18, 2013 . In addition, there is carried out a test whether you are connected to the Internet via IPv6, ie. the support of the Internet protocol with your ISP, including comparing speeds over IPv4 and IPv6.\r\n\r\n<a class="button runtest big2 align-center" style="margin: 1.5rem auto 1rem; display: block; text-align: center; width: 20%;" href="/t/run/">Test</a>\r\n\r\n###IPv6\r\n\r\nIP addresses represent a basic building block of the Internet. It is not possible to connect to the world wide web without IP addresses; therefore, mutual recognition and interconnection of computers are also not possible.\r\n\r\nIn September 2012, free address blocks of IPv4 were **used up** in Europe and these addresses are now assigned only to a limited extent.\r\n\r\nThe answer to the insufficiency of IP addresses is a new version of the Internet Protocol IPv6 offering a virtually unlimited supply of addresses and also new opportunities both in terms of security and network management. Under Government Resolution **state institutions** are **obliged** to disclose their Internet presentations through both IPv4 and IPv6 for several years. As of **March 1, 2015**, this requirement applies to **mail servers as well**.\r\n\r\nBesides the availability of the website presentation, the **support of IPv6 within the Internet connectivity** (Internet connection) is important, so you could take full advantage of this protocol as well as access to websites that do not support IPv4 any more.\r\n\r\n###DNSSEC\r\n\r\nDNSSEC is an **extension of domain name system** (DNS) which increases its security. DNSSEC technology assures the users that the information they have obtained from DNS were provided by the correct source, are complete and their integrity was not disrupted during transmission. DNSSEC ensures authenticity of data obtained from DNS.\r\n\r\n**Why this may be a serious problem?** Imagine that the service is a data box or a state office where is published a bank account number for sending taxes. In this case, you do not want the information you receive to be from an untrustworthy (fraudulent) source and that the information you send would not end in the hands of someone unauthorized. And that exactly can happen with DNS abuse if you are not protected by DNSSEC.\r\n\r\nAt the end of the year 2013 the Czech government adopted a resolution according to which **all government bodies are required to ensure** their held domains through **DNSSEC** technology **no later than June 30, 2015**.	f		f
\.


--
-- Name: django_flatpage_id_seq; Type: SEQUENCE SET; Schema: public; Owner: db982
--

SELECT pg_catalog.setval('django_flatpage_id_seq', 8, true);


--
-- Data for Name: django_flatpage_sites; Type: TABLE DATA; Schema: public; Owner: db982
--

COPY django_flatpage_sites (id, flatpage_id, site_id) FROM stdin;
4	3	3
22	4	3
24	2	3
25	1	3
26	5	3
28	6	3
29	8	3
32	7	3
\.


--
-- Name: django_flatpage_sites_id_seq; Type: SEQUENCE SET; Schema: public; Owner: db982
--

SELECT pg_catalog.setval('django_flatpage_sites_id_seq', 32, true);


--
-- Data for Name: django_migrations; Type: TABLE DATA; Schema: public; Owner: db982
--

COPY django_migrations (id, app, name, applied) FROM stdin;
1	contenttypes	0001_initial	2015-05-21 09:19:41.779297+02
2	contenttypes	0002_remove_content_type_name	2015-05-21 09:19:41.992375+02
3	auth	0001_initial	2015-05-21 09:19:42.462604+02
4	auth	0002_alter_permission_name_max_length	2015-05-21 09:19:42.54496+02
5	auth	0003_alter_user_email_max_length	2015-05-21 09:19:42.625954+02
6	auth	0004_alter_user_username_opts	2015-05-21 09:19:42.674473+02
7	auth	0005_alter_user_last_login_null	2015-05-21 09:19:42.733675+02
8	auth	0006_require_contenttypes_0002	2015-05-21 09:19:42.741667+02
9	sites	0001_initial	2015-05-21 09:19:47.329946+02
10	admin	0001_initial	2015-05-21 09:19:54.139893+02
11	flatpages	0001_initial	2015-05-21 09:19:54.50476+02
12	sessions	0001_initial	2015-05-21 09:19:54.661758+02
\.


--
-- Name: django_migrations_id_seq; Type: SEQUENCE SET; Schema: public; Owner: db982
--

SELECT pg_catalog.setval('django_migrations_id_seq', 12, true);


--
-- Data for Name: django_site; Type: TABLE DATA; Schema: public; Owner: db982
--

COPY django_site (id, domain, name) FROM stdin;
3	982.cz	982.cz
\.


--
-- Name: django_site_id_seq; Type: SEQUENCE SET; Schema: public; Owner: db982
--

SELECT pg_catalog.setval('django_site_id_seq', 3, true);


--
-- Name: testapp_result_id_seq; Type: SEQUENCE SET; Schema: public; Owner: db982
--

SELECT pg_catalog.setval('testapp_result_id_seq', 17, true);


--
-- Name: testapp_website_id_seq; Type: SEQUENCE SET; Schema: public; Owner: db982
--

SELECT pg_catalog.setval('testapp_website_id_seq', 5, true);


--
-- Name: auth_group_name_key; Type: CONSTRAINT; Schema: public; Owner: db982; Tablespace: 
--

ALTER TABLE ONLY auth_group
    ADD CONSTRAINT auth_group_name_key UNIQUE (name);


--
-- Name: auth_group_permissions_group_id_permission_id_key; Type: CONSTRAINT; Schema: public; Owner: db982; Tablespace: 
--

ALTER TABLE ONLY auth_group_permissions
    ADD CONSTRAINT auth_group_permissions_group_id_permission_id_key UNIQUE (group_id, permission_id);


--
-- Name: auth_group_permissions_pkey; Type: CONSTRAINT; Schema: public; Owner: db982; Tablespace: 
--

ALTER TABLE ONLY auth_group_permissions
    ADD CONSTRAINT auth_group_permissions_pkey PRIMARY KEY (id);


--
-- Name: auth_group_pkey; Type: CONSTRAINT; Schema: public; Owner: db982; Tablespace: 
--

ALTER TABLE ONLY auth_group
    ADD CONSTRAINT auth_group_pkey PRIMARY KEY (id);


--
-- Name: auth_permission_content_type_id_codename_key; Type: CONSTRAINT; Schema: public; Owner: db982; Tablespace: 
--

ALTER TABLE ONLY auth_permission
    ADD CONSTRAINT auth_permission_content_type_id_codename_key UNIQUE (content_type_id, codename);


--
-- Name: auth_permission_pkey; Type: CONSTRAINT; Schema: public; Owner: db982; Tablespace: 
--

ALTER TABLE ONLY auth_permission
    ADD CONSTRAINT auth_permission_pkey PRIMARY KEY (id);


--
-- Name: auth_user_groups_pkey; Type: CONSTRAINT; Schema: public; Owner: db982; Tablespace: 
--

ALTER TABLE ONLY auth_user_groups
    ADD CONSTRAINT auth_user_groups_pkey PRIMARY KEY (id);


--
-- Name: auth_user_groups_user_id_group_id_key; Type: CONSTRAINT; Schema: public; Owner: db982; Tablespace: 
--

ALTER TABLE ONLY auth_user_groups
    ADD CONSTRAINT auth_user_groups_user_id_group_id_key UNIQUE (user_id, group_id);


--
-- Name: auth_user_pkey; Type: CONSTRAINT; Schema: public; Owner: db982; Tablespace: 
--

ALTER TABLE ONLY auth_user
    ADD CONSTRAINT auth_user_pkey PRIMARY KEY (id);


--
-- Name: auth_user_user_permissions_pkey; Type: CONSTRAINT; Schema: public; Owner: db982; Tablespace: 
--

ALTER TABLE ONLY auth_user_user_permissions
    ADD CONSTRAINT auth_user_user_permissions_pkey PRIMARY KEY (id);


--
-- Name: auth_user_user_permissions_user_id_permission_id_key; Type: CONSTRAINT; Schema: public; Owner: db982; Tablespace: 
--

ALTER TABLE ONLY auth_user_user_permissions
    ADD CONSTRAINT auth_user_user_permissions_user_id_permission_id_key UNIQUE (user_id, permission_id);


--
-- Name: auth_user_username_key; Type: CONSTRAINT; Schema: public; Owner: db982; Tablespace: 
--

ALTER TABLE ONLY auth_user
    ADD CONSTRAINT auth_user_username_key UNIQUE (username);


--
-- Name: django_admin_log_pkey; Type: CONSTRAINT; Schema: public; Owner: db982; Tablespace: 
--

ALTER TABLE ONLY django_admin_log
    ADD CONSTRAINT django_admin_log_pkey PRIMARY KEY (id);


--
-- Name: django_content_type_app_label_3ec8c61c_uniq; Type: CONSTRAINT; Schema: public; Owner: db982; Tablespace: 
--

ALTER TABLE ONLY django_content_type
    ADD CONSTRAINT django_content_type_app_label_3ec8c61c_uniq UNIQUE (app_label, model);


--
-- Name: django_content_type_pkey; Type: CONSTRAINT; Schema: public; Owner: db982; Tablespace: 
--

ALTER TABLE ONLY django_content_type
    ADD CONSTRAINT django_content_type_pkey PRIMARY KEY (id);


--
-- Name: django_flatpage_pkey; Type: CONSTRAINT; Schema: public; Owner: db982; Tablespace: 
--

ALTER TABLE ONLY django_flatpage
    ADD CONSTRAINT django_flatpage_pkey PRIMARY KEY (id);


--
-- Name: django_flatpage_sites_flatpage_id_site_id_key; Type: CONSTRAINT; Schema: public; Owner: db982; Tablespace: 
--

ALTER TABLE ONLY django_flatpage_sites
    ADD CONSTRAINT django_flatpage_sites_flatpage_id_site_id_key UNIQUE (flatpage_id, site_id);


--
-- Name: django_flatpage_sites_pkey; Type: CONSTRAINT; Schema: public; Owner: db982; Tablespace: 
--

ALTER TABLE ONLY django_flatpage_sites
    ADD CONSTRAINT django_flatpage_sites_pkey PRIMARY KEY (id);


--
-- Name: django_migrations_pkey; Type: CONSTRAINT; Schema: public; Owner: db982; Tablespace: 
--

ALTER TABLE ONLY django_migrations
    ADD CONSTRAINT django_migrations_pkey PRIMARY KEY (id);


--
-- Name: django_session_pkey; Type: CONSTRAINT; Schema: public; Owner: db982; Tablespace: 
--

ALTER TABLE ONLY django_session
    ADD CONSTRAINT django_session_pkey PRIMARY KEY (session_key);


--
-- Name: django_site_pkey; Type: CONSTRAINT; Schema: public; Owner: db982; Tablespace: 
--

ALTER TABLE ONLY django_site
    ADD CONSTRAINT django_site_pkey PRIMARY KEY (id);


--
-- Name: testapp_result_pkey; Type: CONSTRAINT; Schema: public; Owner: db982; Tablespace: 
--

ALTER TABLE ONLY testapp_result
    ADD CONSTRAINT testapp_result_pkey PRIMARY KEY (id);


--
-- Name: testapp_website_owner_id_key; Type: CONSTRAINT; Schema: public; Owner: db982; Tablespace: 
--

ALTER TABLE ONLY testapp_website
    ADD CONSTRAINT testapp_website_owner_id_key UNIQUE (owner_id);


--
-- Name: testapp_website_pkey; Type: CONSTRAINT; Schema: public; Owner: db982; Tablespace: 
--

ALTER TABLE ONLY testapp_website
    ADD CONSTRAINT testapp_website_pkey PRIMARY KEY (id);


--
-- Name: auth_group_name_331666e8_like; Type: INDEX; Schema: public; Owner: db982; Tablespace: 
--

CREATE INDEX auth_group_name_331666e8_like ON auth_group USING btree (name varchar_pattern_ops);


--
-- Name: auth_group_permissions_0e939a4f; Type: INDEX; Schema: public; Owner: db982; Tablespace: 
--

CREATE INDEX auth_group_permissions_0e939a4f ON auth_group_permissions USING btree (group_id);


--
-- Name: auth_group_permissions_8373b171; Type: INDEX; Schema: public; Owner: db982; Tablespace: 
--

CREATE INDEX auth_group_permissions_8373b171 ON auth_group_permissions USING btree (permission_id);


--
-- Name: auth_permission_417f1b1c; Type: INDEX; Schema: public; Owner: db982; Tablespace: 
--

CREATE INDEX auth_permission_417f1b1c ON auth_permission USING btree (content_type_id);


--
-- Name: auth_user_groups_0e939a4f; Type: INDEX; Schema: public; Owner: db982; Tablespace: 
--

CREATE INDEX auth_user_groups_0e939a4f ON auth_user_groups USING btree (group_id);


--
-- Name: auth_user_groups_e8701ad4; Type: INDEX; Schema: public; Owner: db982; Tablespace: 
--

CREATE INDEX auth_user_groups_e8701ad4 ON auth_user_groups USING btree (user_id);


--
-- Name: auth_user_user_permissions_8373b171; Type: INDEX; Schema: public; Owner: db982; Tablespace: 
--

CREATE INDEX auth_user_user_permissions_8373b171 ON auth_user_user_permissions USING btree (permission_id);


--
-- Name: auth_user_user_permissions_e8701ad4; Type: INDEX; Schema: public; Owner: db982; Tablespace: 
--

CREATE INDEX auth_user_user_permissions_e8701ad4 ON auth_user_user_permissions USING btree (user_id);


--
-- Name: auth_user_username_94b8aae_like; Type: INDEX; Schema: public; Owner: db982; Tablespace: 
--

CREATE INDEX auth_user_username_94b8aae_like ON auth_user USING btree (username varchar_pattern_ops);


--
-- Name: django_admin_log_417f1b1c; Type: INDEX; Schema: public; Owner: db982; Tablespace: 
--

CREATE INDEX django_admin_log_417f1b1c ON django_admin_log USING btree (content_type_id);


--
-- Name: django_admin_log_e8701ad4; Type: INDEX; Schema: public; Owner: db982; Tablespace: 
--

CREATE INDEX django_admin_log_e8701ad4 ON django_admin_log USING btree (user_id);


--
-- Name: django_flatpage_572d4e42; Type: INDEX; Schema: public; Owner: db982; Tablespace: 
--

CREATE INDEX django_flatpage_572d4e42 ON django_flatpage USING btree (url);


--
-- Name: django_flatpage_sites_9365d6e7; Type: INDEX; Schema: public; Owner: db982; Tablespace: 
--

CREATE INDEX django_flatpage_sites_9365d6e7 ON django_flatpage_sites USING btree (site_id);


--
-- Name: django_flatpage_sites_c3368d3a; Type: INDEX; Schema: public; Owner: db982; Tablespace: 
--

CREATE INDEX django_flatpage_sites_c3368d3a ON django_flatpage_sites USING btree (flatpage_id);


--
-- Name: django_flatpage_url_5a21c40c_like; Type: INDEX; Schema: public; Owner: db982; Tablespace: 
--

CREATE INDEX django_flatpage_url_5a21c40c_like ON django_flatpage USING btree (url varchar_pattern_ops);


--
-- Name: django_session_de54fa62; Type: INDEX; Schema: public; Owner: db982; Tablespace: 
--

CREATE INDEX django_session_de54fa62 ON django_session USING btree (expire_date);


--
-- Name: django_session_session_key_630ca218_like; Type: INDEX; Schema: public; Owner: db982; Tablespace: 
--

CREATE INDEX django_session_session_key_630ca218_like ON django_session USING btree (session_key varchar_pattern_ops);


--
-- Name: testapp_result_5e7b1936; Type: INDEX; Schema: public; Owner: db982; Tablespace: 
--

CREATE INDEX testapp_result_5e7b1936 ON testapp_result USING btree (owner_id);


--
-- Name: testapp_result_d53008a6; Type: INDEX; Schema: public; Owner: db982; Tablespace: 
--

CREATE INDEX testapp_result_d53008a6 ON testapp_result USING btree (test_date);


--
-- Name: auth_group_permiss_permission_id_23962d04_fk_auth_permission_id; Type: FK CONSTRAINT; Schema: public; Owner: db982
--

ALTER TABLE ONLY auth_group_permissions
    ADD CONSTRAINT auth_group_permiss_permission_id_23962d04_fk_auth_permission_id FOREIGN KEY (permission_id) REFERENCES auth_permission(id) DEFERRABLE INITIALLY DEFERRED;


--
-- Name: auth_group_permissions_group_id_58c48ba9_fk_auth_group_id; Type: FK CONSTRAINT; Schema: public; Owner: db982
--

ALTER TABLE ONLY auth_group_permissions
    ADD CONSTRAINT auth_group_permissions_group_id_58c48ba9_fk_auth_group_id FOREIGN KEY (group_id) REFERENCES auth_group(id) DEFERRABLE INITIALLY DEFERRED;


--
-- Name: auth_permiss_content_type_id_51277a81_fk_django_content_type_id; Type: FK CONSTRAINT; Schema: public; Owner: db982
--

ALTER TABLE ONLY auth_permission
    ADD CONSTRAINT auth_permiss_content_type_id_51277a81_fk_django_content_type_id FOREIGN KEY (content_type_id) REFERENCES django_content_type(id) DEFERRABLE INITIALLY DEFERRED;


--
-- Name: auth_user_groups_group_id_30a071c9_fk_auth_group_id; Type: FK CONSTRAINT; Schema: public; Owner: db982
--

ALTER TABLE ONLY auth_user_groups
    ADD CONSTRAINT auth_user_groups_group_id_30a071c9_fk_auth_group_id FOREIGN KEY (group_id) REFERENCES auth_group(id) DEFERRABLE INITIALLY DEFERRED;


--
-- Name: auth_user_groups_user_id_24702650_fk_auth_user_id; Type: FK CONSTRAINT; Schema: public; Owner: db982
--

ALTER TABLE ONLY auth_user_groups
    ADD CONSTRAINT auth_user_groups_user_id_24702650_fk_auth_user_id FOREIGN KEY (user_id) REFERENCES auth_user(id) DEFERRABLE INITIALLY DEFERRED;


--
-- Name: auth_user_user_per_permission_id_3d7071f0_fk_auth_permission_id; Type: FK CONSTRAINT; Schema: public; Owner: db982
--

ALTER TABLE ONLY auth_user_user_permissions
    ADD CONSTRAINT auth_user_user_per_permission_id_3d7071f0_fk_auth_permission_id FOREIGN KEY (permission_id) REFERENCES auth_permission(id) DEFERRABLE INITIALLY DEFERRED;


--
-- Name: auth_user_user_permissions_user_id_7cd7acb6_fk_auth_user_id; Type: FK CONSTRAINT; Schema: public; Owner: db982
--

ALTER TABLE ONLY auth_user_user_permissions
    ADD CONSTRAINT auth_user_user_permissions_user_id_7cd7acb6_fk_auth_user_id FOREIGN KEY (user_id) REFERENCES auth_user(id) DEFERRABLE INITIALLY DEFERRED;


--
-- Name: django_admin_content_type_id_5151027a_fk_django_content_type_id; Type: FK CONSTRAINT; Schema: public; Owner: db982
--

ALTER TABLE ONLY django_admin_log
    ADD CONSTRAINT django_admin_content_type_id_5151027a_fk_django_content_type_id FOREIGN KEY (content_type_id) REFERENCES django_content_type(id) DEFERRABLE INITIALLY DEFERRED;


--
-- Name: django_admin_log_user_id_1c5f563_fk_auth_user_id; Type: FK CONSTRAINT; Schema: public; Owner: db982
--

ALTER TABLE ONLY django_admin_log
    ADD CONSTRAINT django_admin_log_user_id_1c5f563_fk_auth_user_id FOREIGN KEY (user_id) REFERENCES auth_user(id) DEFERRABLE INITIALLY DEFERRED;


--
-- Name: django_flatpage_site_flatpage_id_5c562ec6_fk_django_flatpage_id; Type: FK CONSTRAINT; Schema: public; Owner: db982
--

ALTER TABLE ONLY django_flatpage_sites
    ADD CONSTRAINT django_flatpage_site_flatpage_id_5c562ec6_fk_django_flatpage_id FOREIGN KEY (flatpage_id) REFERENCES django_flatpage(id) DEFERRABLE INITIALLY DEFERRED;


--
-- Name: django_flatpage_sites_site_id_3917af27_fk_django_site_id; Type: FK CONSTRAINT; Schema: public; Owner: db982
--

ALTER TABLE ONLY django_flatpage_sites
    ADD CONSTRAINT django_flatpage_sites_site_id_3917af27_fk_django_site_id FOREIGN KEY (site_id) REFERENCES django_site(id) DEFERRABLE INITIALLY DEFERRED;


--
-- Name: testapp_result_owner_id_19767a63_fk_auth_user_id; Type: FK CONSTRAINT; Schema: public; Owner: db982
--

ALTER TABLE ONLY testapp_result
    ADD CONSTRAINT testapp_result_owner_id_19767a63_fk_auth_user_id FOREIGN KEY (owner_id) REFERENCES auth_user(id) DEFERRABLE INITIALLY DEFERRED;


--
-- Name: testapp_website_owner_id_5f2f724a_fk_auth_user_id; Type: FK CONSTRAINT; Schema: public; Owner: db982
--

ALTER TABLE ONLY testapp_website
    ADD CONSTRAINT testapp_website_owner_id_5f2f724a_fk_auth_user_id FOREIGN KEY (owner_id) REFERENCES auth_user(id) DEFERRABLE INITIALLY DEFERRED;


--
-- Name: public; Type: ACL; Schema: -; Owner: postgres
--

REVOKE ALL ON SCHEMA public FROM PUBLIC;
REVOKE ALL ON SCHEMA public FROM postgres;
GRANT ALL ON SCHEMA public TO postgres;
GRANT ALL ON SCHEMA public TO PUBLIC;


--
-- PostgreSQL database dump complete
--

